,location,institution
2,,walmartlabs.com
3,,walmartlabs.com
4,,de.bosch.com
6,,us.bosch.com
8,,sutterhealth.org
13,,gmail.com
15,,google.com
21,,twitter.com
23,,google.com
25,,google.com
27,,gmail.com
29,,gmail.com
32,,google.com
33,,gmail.com
34,,fb.com
37,,fb.com
38,,fb.com
42,,google.com
43,,maluuba.com
44,,gmail.com
45,,smola.org
46,,google.com
47,,gmail.com
48,,gmail.com
50,,microsoft.com
56,,google.com
57,,microsoft.com
58,,gmail.com
59,,google.com
60,,google.com
62,,yahoo.com
63,,google.com
68,,intel.com
70,,google.com
74,,google.com
75,,live.com
82,,microsoft.com
86,,fb.com
87,,google.com
89,,gmail.com
90,,google.com
91,,google.com
93,,google.com
94,,gmail.com
95,,gmail.com
97,,google.com
98,,google.com
99,,googlemail.com
106,,163.com
108,,us.ibm.com
109,,us.ibm.com
111,,google.com
112,,microsoft.com
113,,google.com
115,,janelia.hhmi.org
118,,disneyresearch.com
122,,openai.com
124,,gmail.com
125,,google.com
129,,pnnl.gov
134,,google.com
137,,cs.toronto.edu
139,,us.ibm.com
143,,google.com
145,,google.com
146,,google.com
147,,google.com
150,,salesforce.com
152,,microsoft.com
156,,openai.com
157,,ttic.edu
159,,aifounded.com
166,,google.com
167,,gmail.com
171,,google.com
172,,google.com
173,,google.com
176,,gmail.com
177,,google.com
179,,intel.com
181,,gmail.com
182,,gmail.com
183,,google.com
185,,google.com
186,,fb.com
188,,openai.com
189,,google.com
195,,google.com
196,,criteo.com
198,,google.com
202,,gmail.com
204,,fb.com
207,,google.com
208,,us.ibm.com
210,,outlook.com
213,,lbl.gov
215,,google.com
217,,google.com
218,,google.com
221,,gmail.com
223,,criteo.com
226,,gmail.com
227,,gmail.com
229,,microsoft.com
232,,twitter.com
233,,cs.toronto.edu
239,,gmail.com
240,,gmail.com
244,,huawei.com
246,,us.ibm.com
247,,us.ibm.com
249,,google.com
250,,google.com
252,,google.com
254,,google.com
257,,google.com
260,,google.com
261,,fb.com
262,,ttic.edu
263,,gmail.com
264,,oracle.com
268,,google.com
269,,google.com
271,,ttic.edu
282,,google.com
283,,gmail.com
308,,nec-labs.com
312,,google.com
313,,gmail.com
314,,gmail.com
315,,bethgelab.org
316,,uab.cat
324,,google.com
328,,salesforce.com
332,,cz.ibm.com
334,,google.com
335,,us.ibm.com
337,,twitter.com
338,,nvidia.com
342,,pnnl.gov
344,,google.com
346,,navercorp.com
348,,microsoft.com
354,,microsoft.com
359,,adobe.com
363,,google.com
364,,us.ibm.com
365,,gmail.com
370,,nvidia.com
372,,gmail.com
373,,openai.com
377,,nvidia.com
378,,dwavesys.com
379,,gmail.com
380,,cs.toronto.edu
385,,gmail.com
386,,samsung.com
387,,navercorp.com
388,,gmail.com
393,,maluuba.com
394,,google.com
396,,google.com
398,,maluuba.com
403,,microsoft.com
404,,adobe.com
406,,teklia.com
409,,ttic.edu
415,,google.com
419,,ttic.edu
420,,us.ibm.com
421,,google.com
424,,us.ibm.com
426,,us.ibm.com
427,,google.com
428,,gmail.com
429,,google.com
433,,pnnl.gov
435,,jhmi.edu
439,,gmail.com
441,,google.com
442,,bethgelab.org
445,,fb.com
446,,nrl.navy.mil
447,,gmail.com
450,,huawei.com
453,,gmail.com
455,,google.com
456,,fb.com
460,,baidu.com
461,,gmail.com
464,,google.com
465,,google.com
467,,gmail.com
468,,fb.com
469,,gmail.com
471,,gmail.com
473,,twitter.com
484,,mrtz.org
485,,microsoft.com
486,,microsoft.com
487,,google.com
493,,fb.com
497,,openai.com
498,,uab.cat
499,,hitachi.com
503,,hitachi.com
504,,gmail.com
506,,adobe.com
507,,microsoft.com
511,,fb.com
512,,microsoft.com
514,,ttic.edu
515,,google.com
516,,us.ibm.com
517,,gmail.com
519,,us.ibm.com
520,,fb.com
522,,vicarious.com
523,,intel.com
525,,microsoft.com
527,,microsoft.com
533,,ttic.edu
534,,google.com
535,,mohakshah.com
537,,samsung.com
538,,fb.com
541,,cs.toronto.edu
542,,nvidia.com
543,,adobe.com
544,,dgp.toronto.edu
545,,google.com
546,,google.com
547,,gmail.com
550,,google.com
551,,google.com
552,,pnnl.gov
554,,google.com
555,,google.com
556,,google.com
559,,le-roux.name
561,,babylonhealth.com
563,,huawei.com
564,,google.com
567,,il.ibm.com
568,,google.com
571,,gmail.com
579,,illinois.edu.edu
581,,aylien.com
584,,gmail.com
587,,basistech.com
588,,google.com
591,,google.com
593,,intel.com
597,,google.com
600,,google.com
603,,gmail.com
604,,lbl.gov
606,,gmail.com
613,,microsoft.com
615,,fb.com
617,,google.com
621,,google.com
623,,google.com
625,,gmail.com
626,,microsoft.com
627,,fb.com
632,,google.com
634,,google.com
637,,nec-labs.com
639,,us.ibm.com
640,,cs.toronto.edu
642,,google.com
643,,us.ibm.com
644,,microsoft.com
646,,cs.toronto.edu
648,,openai.com
654,,us.ibm.com
655,,salesforce.com
658,,cz.ibm.com
666,,microsoft.com
669,,babylonhealth.com
672,,microsoft.com
675,,gmail.com
676,,google.com
677,,vicarious.com
679,,163.com
683,,insight-centre.org
685,,google.com
686,,google.com
688,,baidu.com
689,,intel.com
691,,baidu.com
693,,google.com
697,,googlemail.com
698,,google.com
700,,google.com
701,,gmail.com
705,,brml.org
706,,salesforce.com
712,,fb.com
713,,gmail.com
714,,google.com
717,,fb.com
721,,gmail.com
722,,baidu.com
723,,siemens.com
724,,siemens.com
725,,nvidia.com
726,,gmail.com
728,,google.com
729,,google.com
733,,criteo.com
734,,gmail.com
735,,microsoft.com
737,,nvidia.com
738,,gmail.com
739,,gmail.com
741,,microsoft.com
742,,a2ia.com
746,,gmail.com
755,,microsoft.com
758,,microsoft.com
759,,nvidia.com
760,,us.ibm.com
761,,google.com
764,,gmail.com
765,,microsoft.com
766,,fb.com
769,,gmail.com
771,,google.com
774,,maluuba.com
777,,fb.com
779,,microsoft.com
781,,umassmed.edu
787,,gmail.com
789,,google.com
792,,fb.com
793,,microsoft.com
794,,microsoft.com
796,,google.com
798,,gmail.com
802,,gmail.com
803,,google.com
804,,google.com
806,,ttic.edu
808,,baidu.com
810,,ttic.edu
811,,cs.toronto.edu
813,,google.com
819,,microsoft.com
820,,gmail.com
825,,microsoft.com
827,,adobe.com
834,,fb.com
841,,openai.com
850,,intel.com
853,,fb.com
854,,fb.com
857,,samsung.com
859,,gmail.com
860,,gmail.com
861,,gmail.com
864,,fb.com
865,,us.ibm.com
867,,intel.com
871,,cs.toronto.edu
877,,cs.toronto.edu
879,,gmail.com
880,,us.ibm.com
884,,us.ibm.com
885,,baidu.com
888,,google.com
889,,adobe.com
890,,fb.com
902,,google.com
903,,pnnl.gov
904,,gmail.com
905,,fb.com
906,,us.ibm.com
907,,fb.com
908,,google.com
909,,microsoft.com
910,,google.com
913,,fb.com
916,,intel.com
917,,google.com
919,,google.com
921,,allenai.org
922,,gmail.com
924,,gmail.com
925,,gmail.com
926,,pnnl.gov
927,,gmail.com
928,,nec-labs.com
930,,google.com
933,,google.com
936,,google.com
941,,nvidia.com
943,,google.com
949,,google.com
950,,fb.com
952,,google.com
962,,huawei.com
963,,us.ibm.com
964,,gmail.com
966,,huawei.com
969,,microsoft.com
972,,pnnl.gov
973,,fb.com
978,,gmail.com
980,,gmail.com
981,,microsoft.com
982,,google.com
984,,vicarious.com
987,,google.com
988,,gmail.com
991,,microsoft.com
993,,google.com
994,,gmail.com
998,,gmail.com
1001,,il.ibm.com
1004,,maluuba.com
1005,,gmail.com
1006,,gmail.com
1008,,google.com
1011,,baidu.com
1015,,google.com
1017,,fb.com
1019,,baidu.com
1029,,us.ibm.com
1039,,gmail.com
1041,,umassmed.edu
1043,,nec-labs.com
1046,,google.com
1047,,gmail.com
1048,,openai.com
1049,,google.com
1050,,google.com
1051,,nvidia.com
1052,,gmail.com
1059,,microsoft.com
1060,,oracle.com
1064,,fb.com
1065,,psi.toronto.edu
1068,,nvidia.com
1069,,google.com
1072,,telefonica.com
1073,,basistech.com
1074,,insight-centre.org
1076,,intel.com
1077,,gmail.com
1080,,microsoft.com
1085,,google.com
1090,,google.com
1095,,bottou.org
1096,,google.com
1100,,gmail.com
1101,,intel.com
1106,,ttic.edu
1111,,google.com
1116,,gmail.com
1119,,google.com
1121,,gmail.com
1122,,gmail.com
1124,,gmail.com
1126,,bethgelab.org
1129,,us.ibm.com
1133,,gmail.com
1137,,oracle.com
1140,,gmail.com
1142,,google.com
1147,,us.ibm.com
1155,,microsoft.com
1157,,cz.ibm.com
1158,,gmail.com
1160,,outlook.com
1161,,google.com
1168,,gmail.com
1169,,gmail.com
1171,,google.com
1172,,google.com
1173,,google.com
1174,,gmail.com
1176,,cz.ibm.com
1177,,microsoft.com
1178,,nvidia.com
1180,,intel.com
1183,,google.com
1187,,google.com
1189,,microsoft.com
1191,,gmail.com
1192,,google.com
1194,,gmail.com
1199,,gmail.com
1201,,fb.com
1202,,gmail.com
1203,,gmail.com
1204,,google.com
1209,,fb.com
1210,,microsoft.com
1214,,gmail.com
1217,,google.com
1218,,google.com
1219,,adobe.com
1221,,google.com
1223,,fb.com
1226,,gmail.com
1229,,nvidia.com
1230,,nvidia.com
1235,,google.com
1236,,google.com
1239,,babylonhealth.com
1242,,google.com
1243,,gmail.com
1246,,gmail.com
1247,,gmail.com
1251,,google.com
1252,,openai.com
1254,,google.com
1256,,microsoft.com
1259,,ttic.edu
1262,,cs.toronto.edu
1263,,microsoft.com
1264,,fb.com
1272,,google.com
1273,,gmail.com
1276,,salesforce.com
1279,,gmail.com
1280,,gmail.com
1282,,bethgelab.org
1283,,gmail.com
1284,,twitter.com
1288,,gmail.com
1289,,google.com
1293,,microsoft.com
1297,,vicarious.com
1300,,gmail.com
1305,,gmail.com
1310,,gmail.com
1316,,gmail.com
1318,,gmail.com
1321,,adobe.com
1323,,fb.com
1324,,google.com
1325,,baidu.com
1326,,microsoft.com
1327,,gmail.com
1328,,gmail.com
1329,,gmail.com
1337,,google.com
1340,,gmail.com
1341,,gmail.com
1342,,nvidia.com
1343,,openai.com
1345,,fb.com
1346,,cortexica.com
1347,,gmail.com
1348,,gmail.com
1350,,intel.com
1352,,google.com
1353,,elementai.com
1354,,microsoft.com
1359,,gmail.com
1361,,fb.com
1365,,google.com
1366,,etas.com
1371,,anthonymeehan.com
1375,,google.com
1377,,amazon.com
1379,,google.com
1380,,google.com
1382,,gmail.com
1389,,intel.com
1390,,salesforce.com
1392,,taboola.com
1394,,nygenome.org
1397,,google.com
1398,,gmail.com
1401,,google.com
1406,,enlitic.com
1407,,osaro.com
1410,,gmail.com
1411,,microsoft.com
1412,,yahoo.com
1415,,google.com
1416,,gmail.com
1419,,gmail.com
1420,,gmail.com
1421,,gmail.com
1423,,microsoft.com
1425,,yahoo.com
1430,,google.com
1431,,google.com
1433,,ucdenver.edu
1436,,gmail.com
1439,,ttic.edu
1441,,cs.toronto.edu
1442,,google.com
1445,,outlook.com
1451,,microsoft.com
1453,,gmail.com
1455,,us.ibm.com
1456,,google.com
1458,,gmail.com
1463,,gmail.com
1466,,google.com
1472,,google.com
1473,,google.com
1475,,us.ibm.com
1482,,google.com
1483,,taboola.com
1484,,google.com
1485,,gmail.com
1486,,google.com
1492,,google.com
1493,,tencent.com
1498,,intel.com
1499,,google.com
1501,,osaro.com
1504,,gmail.com
1505,,intel.com
1512,,126.com
1513,,gmail.com
1523,,tencent.com
1539,,gmail.com
1544,,google.com
1546,,petuum.com
1547,,enlitic.com
1548,,intel.com
1551,,gmail.com
1552,,cs.toronto.edu
1555,,intel.com
1558,,microsoft.com
1559,,volvo.com
1560,,google.com
1564,,google.com
1565,,google.com
1568,,nygenome.org
1570,,gmail.com
1575,,intel.com
1579,,gmail.com
1581,,google.com
1584,,google.com
1585,,baidu.com
1595,,intel.com
1596,,gmail.com
1599,,google.com
1605,,microsoft.com
1607,,tencent.com
1609,,baidu.com
1616,,google.com
1623,,baidu.com
1630,,google.com
1632,,gmail.com
1636,,google.com
1646,,ibm.com
1650,,gmail.com
1652,,aiperf.com
1653,,jp.ibm.com
1654,,chalearn.org
1657,,gmail.com
1659,,hotmail.com
1667,,salesforce.com
1671,,cz.ibm.com
1676,,sandia.gov
1677,,google.com
1678,,gmail.com
1682,,gmail.com
1684,,google.com
1686,,intel.com
1688,,google.com
1689,,microsoft.com
1690,,outlook.com
1692,,snap.com
1696,,jimdavies.org
1697,,gmail.com
1699,,microsoft.com
1702,,fb.com
1704,,hunch.net
1708,,google.com
1712,,bethgelab.org
1714,,google.com
1717,,openai.com
1718,,gmail.com
1721,,nvidia.com
1723,,gmail.com
1724,,cs.toronto.edu
1728,,google.com
1730,,baidu.com
1736,,google.com
1739,,google.com
1740,,intel.com
1744,,adobe.com
1747,,google.com
1749,,nygenome.org
1752,,gmail.com
1754,,gmail.com
1756,,amazon.com
1761,,google.com
1762,,de.bosch.com
1763,,google.com
1773,,intel.com
1776,,gmail.com
1777,,us.ibm.com
1783,,microsoft.com
1785,,google.com
1788,,gmail.com
1789,,gmail.com
1790,,google.com
1791,,fb.com
1792,,gmail.com
1793,,gmail.com
1795,,caiyunapp.com
1798,,gmail.com
1799,,gmail.com
1800,,renault.com
1801,,gmail.com
1803,,caiyunapp.com
1809,,huawei.com
1813,,google.com
1814,,google.com
1822,,gmail.com
1823,,nec-labs.com
1826,,gmail.com
1828,,gmail.com
1829,,tencent.com
1833,,microsoft.com
1839,,nvidia.com
1842,,owkin.com
1843,,openai.com
1847,,gmail.com
1850,,gmail.com
1852,,gmail.com
1855,,us.ibm.com
1857,,microsoft.com
1858,,gmail.com
1860,,google.com
1872,,google.com
1874,,ehu.eus
1876,,microsoft.com
1877,,gmail.com
1878,,google.com
1886,,gmail.com
1888,,fb.com
1889,,us.ibm.com
1892,,adobe.com
1894,,nvidia.com
1895,,google.com
1896,,ttic.edu
1897,,gmail.com
1898,,google.com
1900,,nvidia.com
1901,,de.bosch.com
1906,,arm.com
1907,,1qbit.com
1908,,adobe.com
1910,,elementai.com
1911,,renishaw.com
1913,,google.com
1914,,babylonhealth.com
1915,,snap.com
1916,,google.com
1918,,us.ibm.com
1919,,google.com
1923,,yahoo.com
1924,,gmail.com
1925,,nvidia.com
1931,,samsung.com
1934,,gmail.com
1938,,us.ibm.com
1939,,gmail.com
1940,,helleborecapital.com
1946,,gmail.com
1952,,owkin.com
1953,,google.com
1954,,google.com
1955,,us.ibm.com
1956,,gmail.com
1958,,microsoft.com
1959,,gmail.com
1961,,gmail.com
1963,,microsoft.com
1966,,google.com
1969,,google.com
1971,,gmail.com
1972,,nec-labs.com
1976,,openai.com
1978,,gotenna.com
1980,,gmail.com
1982,,google.com
1985,,google.com
1986,,openai.com
1989,,amazon.com
1990,,google.com
1993,,socher.org
1995,,google.com
1996,,google.com
1997,,microsoft.com
1999,,microsoft.com
2008,,gmail.com
2012,,borealisai.com
2015,,google.com
2017,,aediworks.com
2027,,google.com
2033,,google.com
2034,,gmail.com
2035,,google.com
2039,,gmail.com
2042,,sri.com
2043,,google.com
2044,,gmail.com
2045,,intel.com
2046,,google.com
2048,,baidu.com
2051,,cn.fujitsu.com
2053,,gmail.com
2055,,gmail.com
2057,,microsoft.com
2058,,google.com
2060,,yitu-inc.com
2065,,upwork.com
2066,,google.com
2069,,google.com
2071,,google.com
2072,,amazon.com
2073,,gmail.com
2074,,gmail.com
2076,,a9.com
2077,,google.com
2078,,google.com
2085,,nokia-bell-labs.com
2086,,google.com
2089,,gmail.com
2093,,gmail.com
2094,,disneyresearch.com
2101,,microsoft.com
2103,,gmail.com
2105,,google.com
2109,,microsoft.com
2113,,google.com
2118,,google.com
2122,,gmail.com
2126,,gmail.com
2127,,gmail.com
2128,,gmail.com
2129,,centrica.com
2132,,gmail.com
2133,,google.com
2134,,cs.toronto.edu
2136,,google.com
2147,,google.com
2149,,baidu.com
2150,,gmail.com
2157,,gmail.com
2159,,gmail.com
2160,,gmail.com
2164,,gmail.com
2166,,google.com
2167,,gmail.com
2168,,de.bosch.com
2170,,siemens.com
2172,,google.com
2175,,toutiao.com
2178,,google.com
2179,,microsoft.com
2183,,us.ibm.com
2187,,microsoft.com
2188,,google.com
2189,,google.com
2190,,google.com
2191,,nygenome.org
2192,,sandia.gov
2194,,baidu.com
2195,,microsoft.com
2202,,ibm.com
2203,,gmail.com
2207,,gmail.com
2215,,google.com
2218,,google.com
2225,,gmail.com
2226,,gmail.com
2230,,gmail.com
2231,,fb.com
2235,,gmail.com
2237,,nec-labs.com
2240,,fb.com
2243,,google.com
2245,,google.com
2246,,microsoft.com
2253,,gmail.com
2256,,163.com
2258,,us.ibm.com
2265,,baidu.com
2266,,gmail.com
2267,,us.ibm.com
2269,,gmail.com
2271,,google.com
2272,,gmail.com
2274,,adobe.com
2275,,fb.com
2283,,samsung.com
2286,,gmail.com
2289,,gmail.com
2290,,google.com
2292,,gmail.com
2294,,google.com
2296,,fb.com
2297,,gmail.com
2301,,fb.com
2302,,adobe.com
2304,,google.com
2305,,gmail.com
2306,,smola.org
2310,,gmail.com
2311,,gmail.com
2312,,microsoft.com
2318,,gmail.com
2320,,microsoft.com
2321,,google.com
2324,,digitalgenius.com
2327,,amazon.com
2328,,gmail.com
2334,,gmail.com
2337,,gmail.com
2338,,google.com
2339,,google.com
2340,,gmail.com
2341,,magicleap.com
2345,,gmail.com
2350,,gmail.com
2351,,sri.com
2352,,fb.com
2359,,google.com
2361,,google.com
2362,,gmail.com
2365,,google.com
2371,,gmail.com
2374,,gmail.com
2376,,intel.com
2383,,google.com
2384,,gmail.com
2386,,outlook.com
2387,,google.com
2393,,gmail.com
2400,,google.com
2401,,google.com
2402,,google.com
2403,,google.com
2405,,google.com
2407,,sandia.gov
2411,,adobe.com
2414,,calculationconsulting.com
2418,,gmail.com
2420,,us.ibm.com
2421,,gmail.com
2422,,cs.toronto.edu
2423,,gmail.com
2425,,google.com
2429,,google.com
2433,,magicleap.com
2436,,gmail.com
2437,,lukasruff.com
2442,,google.com
2447,,gmail.com
2450,,gmail.com
2456,,google.com
2458,,salesforce.com
2461,,gmail.com
2466,,jp.ibm.com
2468,,babylonhealth.com
2469,,gm.com
2470,,aifounded.com
2471,,gmail.com
2472,,gmail.com
2474,,gmail.com
2475,,gmail.com
2479,,gmail.com
2480,,gmail.com
2482,,google.com
2483,,google.com
2485,,gmail.com
2489,,google.com
2490,,google.com
2492,,foster.net
2493,,microsoft.com
2495,,gmail.com
2496,,us.panasonic.com
2498,,gmail.com
2502,,google.com
2505,,intel.com
2507,,google.com
2512,,gmail.com
2516,,fb.com
2517,,fb.com
2518,,enlitic.com
2520,,ibm.com
2521,,openai.com
2522,,google.com
2523,,utstat.toronto.edu
2524,,google.com
2526,,google.com
2537,,cs.toronto.edu
2539,,gmail.com
2542,,gmail.com
2547,,google.com
2548,,google.com
2549,,google.com
2550,,us.ibm.com
2551,,gmail.com
2552,,google.com
2559,,microsoft.com
2560,,cs.toronto.edu
2563,,google.com
2571,,gmail.com
2572,,gmail.com
2576,,gmail.com
2578,,hotmail.com
2579,,baidu.com
2580,,taboola.com
2581,,owkin.com
2582,,google.com
2584,,google.com
2586,,fb.com
2587,,gmail.com
2588,,baidu.com
2590,,google.com
2601,,google.com
2603,,nec-labs.com
2607,,hao-li.com
2609,,microsoft.com
2610,,gmail.com
2611,,microsoft.com
2617,,gmail.com
2618,,gmail.com
2619,,adobe.com
2622,,google.com
2626,,cs.toronto.edu
2632,,gmail.com
2633,,openai.com
2634,,google.com
2636,,google.com
2637,,google.com
2638,,a9.com
2640,,gmail.com
2643,,gmail.com
2648,,google.com
2651,,de.bosch.com
2652,,google.com
2653,,nvidia.com
2654,,google.com
2655,,us.ibm.com
2659,,google.com
2660,,google.com
2662,,thalesgroup.com
2666,,gmail.com
2668,,chegg.com
2672,,gmail.com
2674,,oath.com
2677,,siemens.com
2679,,google.com
2681,,ucdenver.edu
2682,,bethgelab.org
2683,,google.com
2685,,gmail.com
2689,,google.com
2690,,google.com
2691,,gmail.com
2692,,hotmail.com
2694,,google.com
2695,,naverlabs.com
2697,,gmail.com
2698,,google.com
2701,,google.com
2705,,baidu.com
2707,,gmail.com
2710,,gmail.com
2711,,adobe.com
2713,,google.com
2718,,gmail.com
2719,,gmail.com
2720,,ttic.edu
2722,,osaro.com
2724,,gmail.com
2729,,gmail.com
2731,,gmail.com
2732,,gmail.com
2733,,gmail.com
2734,,gmail.com
2736,,microsoft.com
2737,,gmail.com
2738,,gmail.com
2739,,google.com
2740,,gmail.com
2742,,google.com
2744,,gmail.com
2746,,126.com
2751,,nrl.navy.mil
2755,,arm.com
2756,,baidu.com
2758,,ttic.edu
2759,,google.com
2760,,google.com
2761,,google.com
2764,,fb.com
2765,,cs.toronto.edu
2772,,gmail.com
2774,,gmail.com
2775,,cs.toronto.edu
2779,,gmail.com
2780,,socsim.org
2786,,gmail.com
2789,,microsoft.com
2794,,gmail.com
2796,,google.com
2799,,microsoft.com
2800,,google.com
2803,,allenai.org
2804,,microsoft.com
2808,,fb.com
2809,,google.com
2811,,gmail.com
2812,,gmail.com
2813,,google.com
2814,,google.com
2818,,gmail.com
2820,,microsoft.com
2822,,ibm.com
2823,,pnnl.gov
2825,,gmail.com
2830,,gmail.com
2831,,gmail.com
2834,,google.com
2837,,oath.com
2841,,google.com
2842,,sri.com
2843,,microsoft.com
2846,,gmail.com
2848,,cs.toronto.edu
2849,,google.com
2851,,google.com
2853,,gmail.com
2856,,google.com
2857,,kushman.org
2858,,pnnl.gov
2860,,google.com
2861,,google.com
2868,,google.com
2870,,le-roux.name
2871,,intel.com
2879,,google.com
2880,,gmail.com
2882,,mogren.one
2883,,renault.com
2884,,gmail.com
2885,,bajgar.org
2887,,gmail.com
2888,,google.com
2893,,nvidia.com
2895,,google.com
2898,,baidu.com
2899,,microsoft.com
2900,,google.com
2902,,openai.com
2906,,gmail.com
2909,,ibm.com
2910,,google.com
2912,,cvc.uab.cat
2913,,1qbit.com
2917,,microsoft.com
2921,,us.ibm.com
2922,,cs.toronto.edu
2926,,snapchat.com
2930,,taobao.com
2932,,gmail.com
2934,,intel.com
2937,,google.com
2938,,gmail.com
2939,,gmail.com
2941,,fb.com
2942,,gmail.com
2943,,gmail.com
2944,,gmail.com
2948,,gmail.com
2951,,gmail.com
2952,,nec-labs.com
2954,,cs.toronto.edu
2959,,openai.com
2961,,gmail.com
2962,,google.com
2963,,cs.toronto.edu
2964,,cn.fujitsu.com
2967,,gmail.com
2968,,cs.toronto.edu
2969,,gmail.com
2970,,intel.com
2971,,google.com
2972,,gmail.com
2974,,uber.com
2976,,google.com
2978,,nygenome.org
2979,,google.com
2980,,salesforce.com
2982,,cz.ibm.com
2986,,amazon.com
2987,,jp.ibm.com
2992,,google.com
2997,,baidu.com
2998,,taobao.com
2999,,google.com
3005,,google.com
3006,,microsoft.com
3009,,google.com
3011,,google.com
3019,,gmail.com
3020,,gmail.com
3021,,google.com
3022,,google.com
3032,,gmail.com
3034,,gmail.com
3036,,google.com
3039,,nvidia.com
3041,,brml.org
3042,,smerity.com
3047,,microsoft.com
3048,,gmail.com
3049,,ttic.edu
3050,,baidu.com
3053,,gmail.com
3055,,gmail.com
3061,,gmail.com
3066,,gmail.com
3068,,ibm.com
3070,,nvidia.com
3074,,microsoft.com
3078,,gmail.com
3080,,ibm.com
3082,,gmail.com
3084,,gmail.com
3085,,google.com
3086,,etas.com
3089,,google.com
3090,,taobao.com
3095,,cs.toronto.edu
3098,,nvidia.com
3099,,us.ibm.com
3101,,ibm.com
3107,,gmail.com
3109,,gmail.com
3110,,google.com
3114,,gmail.com
3117,,google.com
3118,,fb.com
3120,,magicleap.com
3123,,victorzhong.com
3124,,google.com
3125,,amazon.com
3128,,gmail.com
3129,,gmail.com
3133,,gmail.com
3134,,gmail.com
3136,,baidu.com
3143,,gmail.com
3146,,fb.com
3149,,126.com
3151,,microsoft.com
3153,,gmail.com
3158,,adobe.com
3163,,gmail.com
3166,,fb.com
3171,,yann-ollivier.org
3173,,borealisai.com
3175,,openai.com
3176,,fb.com
3183,,borealisai.com
3190,,taboola.com
3192,,us.ibm.com
3195,,cortexica.com
3196,,caiyunapp.com
3197,,gmail.com
3198,,google.com
3200,,baidu.com
3204,,us.ibm.com
3205,,amazon.com
3207,,microsoft.com
3209,,cs.toronto.edu
3214,,cs.toronto.edu
3215,,baidu.com
3216,,gmail.com
3222,,gmail.com
3224,,gmail.com
3226,,qq.com
3227,,microsoft.com
3231,,gmail.com
3235,,us.ibm.com
3236,,ymail.com
3237,,microsoft.com
3238,,fb.com
3241,,google.com
3242,,gmail.com
3243,,microsoft.com
3245,,google.com
3247,,google.com
3248,,google.com
3251,,fb.com
3252,,us.panasonic.com
3254,,gmail.com
3255,,google.com
3258,,jpl.nasa.gov
3265,,google.com
3266,,gmail.com
3267,,gmail.com
3268,,1qbit.com
3274,,babylonhealth.com
3277,,gmail.com
3281,,nec-labs.com
3284,,google.com
3285,,google.com
3286,,google.com
3287,,google.com
3288,,us.ibm.com
3298,,google.com
3299,,gmail.com
3300,,google.com
3301,,gmail.com
3302,,nvidia.com
3303,,raytheon.com
3304,,ttic.edu
3305,,gmail.com
3306,,fb.com
3307,,acm.org
3309,,gmail.com
3310,,nec-labs.com
3315,,google.com
3316,,gmail.com
3318,,gmail.com
3323,,us.ibm.com
3324,,us.ibm.com
3327,,gmail.com
3328,,gmail.com
3329,,osaro.com
3331,,google.com
3334,,gmail.com
3335,,ias.edu
3337,,pnnl.gov
3345,,google.com
3347,,nvidia.com
3348,,gmail.com
3350,,gmail.com
3351,,google.com
3353,,gmail.com
3356,,gmail.com
3363,,entlic.com
3366,,microsoft.com
3368,,intel.com
3371,,bayer.com
3372,,nec-labs.com
3373,,nygenome.org
3374,,google.com
3377,,baidu.com
3379,,gmail.com
3381,,google.com
3383,,google.com
3384,,cs.toronto.edu
3385,,ehu.eus
3386,,gmail.com
3388,,taboola.com
3390,,1qbit.com
3396,,owkin.com
3399,,intel.com
3403,,google.com
3404,,google.com
3411,,us.ibm.com
3413,,gmail.com
3416,,google.com
3417,,nvidia.com
3421,,google.com
3424,,fb.com
3425,,google.com
3427,,nvidia.com
3428,,borealisai.com
3429,,gmail.com
3430,,google.com
3431,,126.com
3432,,baidu.com
3434,,google.com
3436,,gmail.com
3440,,huawei.com
3441,,google.com
3442,,ehu.eus
3443,,microsoft.com
3444,,us.ibm.com
3445,,gmail.com
3454,,google.com
3456,,cse.ohio-state.edu
3459,,uber.com
3465,,etas.com
3470,,gmail.com
3471,,google.com
3473,,gmail.com
3474,,gmail.com
3477,,jp.ibm.com
3478,,google.com
3485,,google.com
3490,,openai.com
3492,,gmail.com
3494,,de.bosch.com
3495,,gmail.com
3497,,yosinski.com
3498,,gmail.com
3499,,1qbit.com
3500,,sandia.gov
3501,,tencent.com
3502,,gmail.com
3504,,hotmail.com
3507,,intel.com
3510,,fb.com
3514,,psi.toronto.edu
3517,,nvidia.com
3521,,tencent.com
3523,,caiyunapp.com
3524,,microsoft.com
3525,,meinertz.org
3526,,google.com
3530,,gmail.com
3533,,gmail.com
3534,,google.com
3537,,gmail.com
3542,,gmail.com
3544,,gmail.com
3547,,google.com
3550,,gmail.com
3555,,gmail.com
3557,,enlitic.com
3558,,gmail.com
3564,,google.com
3567,,google.com
3569,,amazon.com
3571,,google.com
3573,,ieee.org
3578,,amazon.com
3580,,google.com
3583,,gmail.com
3586,,alibaba-inc.com
3587,,gmail.com
3589,,google.com
3594,,google.com
3595,,gmail.com
3600,,google.com
3604,,samsung.com
3605,,socsim.org
3606,,gmail.com
3612,,gmail.com
3614,,etas.com
3617,,google.com
3619,,bethgelab.org
3620,,me.com
3625,,us.ibm.com
3631,,google.com
3634,,google.com
3635,,nvidia.com
3637,,gmail.com
3639,,gmail.com
3640,,gmail.com
3641,,gmail.com
3646,,osaro.com
3647,,gmail.com
3650,,gmail.com
3651,,openai.com
3652,,gmail.com
3653,,google.com
3663,,ttic.edu
3664,,intel.com
3665,,microsoft.com
3668,,gmail.com
3671,,carlini.com
3673,,google.com
3678,,baidu.com
3680,,microsoft.com
3682,,nygenome.org
3684,,gmail.com
3685,,us.ibm.com
3693,,partner.samsung.com
3702,,gmail.com
3704,,gmail.com
3705,,google.com
3706,,google.com
3710,,baidu.com
3715,,gmail.com
3716,,intel.com
3717,,openai.com
3718,,google.com
3724,,us.ibm.com
3728,,fb.com
3729,,google.com
3733,,orange.com
3734,,gmail.com
3737,,chegg.com
3738,,google.com
3741,,google.com
3746,,bayer.com
3748,,gmail.com
3749,,google.com
3750,,gmail.com
3751,,gmail.com
3752,,gmail.com
3754,,salesforce.com
3758,,fb.com
3759,,microsoft.com
3761,,gmail.com
3763,,gmail.com
3767,,digitalgenius.com
3768,,microsoft.com
3770,,intel.com
3771,,google.com
3772,,google.com
3773,,google.com
3774,,microsoft.com
3776,,google.com
3779,,baidu.com
3780,,gmail.com
3785,,gmail.com
3788,,gmail.com
3792,,gmail.com
3793,,gmail.com
3794,,ibm.com
3795,,gmail.com
3796,,ttic.edu
3798,,microsoft.com
3804,,adobe.com
3805,,google.com
3806,,nvidia.com
3809,,google.com
3810,,gmail.com
3813,,google.com
3814,,intel.com
3817,,cs.toronto.edu
3820,,google.com
3821,,jp.ibm.com
3823,,gmail.com
3828,,gmail.com
3829,,openai.com
3830,,microsoft.com
3831,,microsoft.com
3832,,gmail.com
3834,,gmail.com
3836,,gmail.com
3839,,asapp.com
3842,,google.com
3844,,de.bosch.com
3847,,openai.com
3848,,google.com
3850,,gmail.com
3854,,gmail.com
3856,,tongzhang-ml.org
3859,,gmail.com
3860,,gmail.com
3862,,microsoft.com
3866,,cs.toronto.edu
3867,,google.com
3869,,intel.com
3870,,microsoft.com
3875,,arm.com
3879,,google.com
3880,,babylonhealth.com
3881,,fb.com
3883,,fb.com
3886,,fb.com
3887,,google.com
3889,,google.com
3893,,nec-labs.com
3894,,gmail.com
3899,,cs.toronto.edu
3900,,google.com
3901,,cs.toronto.edu
3902,,bethgelab.org
3903,,fb.com
3908,,gmail.com
3909,,microsoft.com
3920,,fudan.edu
3924,,gmail.com
3927,,yonatanbisk.com
3930,,microsoft.com
3932,,huawei.com
3934,,gmail.com
3936,,google.com
3938,,gmail.com
3941,,fb.com
3944,,ibm.com
3947,,microsoft.com
3948,,gmail.com
3949,,gmail.com
3950,,magicleap.com
3953,,gmail.com
3954,,baidu.com
3955,,adobe.com
3957,,gmail.com
3959,,snapchat.com
3968,,gmail.com
3977,,google.com
3984,,gmail.com
3986,,microsoft.com
3987,,navercorp.com
3988,,tri.global
3992,,gmail.com
3996,,google.com
3997,,gmail.com
3999,,gmail.com
4001,,gmail.com
4002,,google.com
4005,,google.com
4006,,elementai.com
4008,,gmail.com
4011,,gmail.com
4012,,gmail.com
4017,,google.com
4022,,google.com
4024,,google.com
4025,,gmail.com
4026,,google.com
4029,,ieee.org
4030,,google.com
4032,,salesforce.com
4033,,google.com
4034,,dwavesys.com
4039,,google.com
4040,,gmail.com
4044,,mail.nih.gov
4045,,gmail.com
4051,,kakaobrain.com
4052,,fb.com
4059,,salesforce.com
4060,,gmail.com
4067,,gmail.com
4070,,163.com
4075,,us.ibm.com
4077,,google.com
4078,,google.com
4081,,google.com
4082,,google.com
4085,,gmail.com
4086,,gmail.com
4087,,corp.netease.com
4090,,microsoft.com
4094,,us.ibm.com
4096,,google.com
4100,,encoredtech.com
4106,,gmail.com
4107,,linecorp.com
4109,,gmail.com
4111,,google.com
4112,,google.com
4114,,cs.toronto.edu
4117,,us.ibm.com
4124,,microsoft.com
4126,,google.com
4127,,gmail.com
4131,,gmail.com
4133,,fb.com
4138,,tencent.com
4139,,gmail.com
4144,,gmail.com
4145,,ibm.com
4150,,gmail.com
4152,,gmail.com
4156,,ieee.org
4161,,us.ibm.com
4167,,gmail.com
4170,,gmail.com
4173,,cohenwang.com
4174,,salesforce.com
4175,,gmail.com
4176,,gmail.com
4177,,gmail.com
4180,,petuum.com
4182,,capitalone.com
4184,,cs.toronto.edu
4185,,gmail.com
4189,,ibm.com
4191,,uber.com
4192,,google.com
4193,,google.com
4196,,outlook.com
4198,,gmail.com
4202,,nih.gov
4206,,gmail.com
4210,,gmail.com
4212,,gmail.com
4214,,navercorp.com
4215,,us.ibm.com
4216,,gmail.com
4219,,fb.com
4220,,ibm.com
4222,,baidu.com
4228,,gmail.com
4232,,gmail.com
4237,,petuum.com
4239,,google.com
4241,,google.com
4245,,ibm.com
4248,,hotmail.com
4252,,antfin.com
4255,,samsung.com
4256,,google.com
4257,,gmail.com
4260,,sensetime.com
4261,,us.ibm.com
4262,,google.com
4263,,microsoft.com
4266,,docomoinnovations.com
4268,,google.com
4270,,gmail.com
4272,,gmail.com
4273,,google.com
4275,,gmail.com
4277,,gmail.com
4280,,gmail.com
4282,,gmail.com
4283,,gmail.com
4286,,gmail.com
4287,,cs.toronto.edu
4288,,samsung.com
4289,,navercorp.com
4290,,navercorp.com
4291,,samsung.com
4292,,gmail.com
4294,,electric-thought.com
4297,,gmail.com
4302,,gmail.com
4303,,google.com
4305,,google.com
4308,,microsoft.com
4312,,gmail.com
4314,,microsoft.com
4316,,gmail.com
4318,,gmail.com
4320,,us.ibm.com
4324,,google.com
4325,,gmail.com
4327,,ieee.org
4328,,nnaisense.com
4334,,google.com
4335,,cs.toronto.edu
4336,,gmail.com
4339,,baidu.com
4346,,google.com
4347,,gmail.com
4352,,gmail.com
4353,,in.ibm.com
4354,,intel.com
4355,,google.com
4357,,google.com
4361,,google.com
4362,,visa.com
4364,,google.com
4366,,gmail.com
4369,,gmail.com
4371,,google.com
4374,,google.com
4375,,de.bosch.com
4379,,google.com
4380,,tri.global
4381,,gmail.com
4382,,google.com
4385,,latentlogic.com
4388,,cs.toronto.edu
4389,,google.com
4391,,google.com
4392,,fb.com
4395,,google.com
4398,,163.com
4399,,gmail.com
4400,,gmail.com
4408,,gmail.com
4409,,baidu.com
4414,,google.com
4415,,google.com
4421,,siemens.com
4424,,borealisai.com
4431,,microsoft.com
4433,,microsoft.com
4435,,harmdevries.com
4436,,fb.com
4437,,gmail.com
4438,,ttic.edu
4439,,nec-labs.com
4443,,google.com
4444,,gmail.com
4445,,gmail.com
4448,,fb.com
4450,,google.com
4452,,gmail.com
4457,,fb.com
4458,,gmail.com
4460,,gmail.com
4461,,ibm.com
4462,,waymo.com
4467,,us.ibm.com
4468,,madiankhabsa.com
4469,,google.com
4471,,microsoft.com
4481,,google.com
4489,,gmail.com
4490,,google.com
4495,,amazon.com
4496,,us.ibm.com
4497,,dgp.toronto.edu
4498,,google.com
4501,,gmail.com
4503,,petuum.com
4506,,ibm.com
4507,,imagia.com
4512,,babylonhealth.com
4514,,snap.com
4515,,us.ibm.com
4516,,google.com
4524,,intel.com
4525,,google.com
4527,,google.com
4530,,gmail.com
4532,,yahoo.com
4534,,gmail.com
4535,,hotmail.com
4539,,gmail.com
4541,,petuum.com
4546,,gmail.com
4553,,gmail.com
4554,,uber.com
4556,,google.com
4557,,gmail.com
4562,,gmail.com
4564,,gmail.com
4566,,fb.com
4568,,google.com
4570,,us.ibm.com
4575,,google.com
4578,,gmail.com
4579,,gmail.com
4580,,ge.com
4581,,gmail.com
4582,,gmail.com
4592,,google.com
4593,,gmail.com
4594,,gmail.com
4595,,socher.org
4597,,google.com
4599,,gmail.com
4603,,us.ibm.com
4606,,borealisai.com
4620,,gmail.com
4621,,ge.com
4624,,gmail.com
4628,,gmail.com
4629,,in.ibm.com
4631,,navercorp.com
4637,,ttic.edu
4641,,google.com
4642,,google.com
4643,,gmail.com
4649,,siemens-healthineers.com
4651,,gmail.com
4652,,google.com
4654,,google.com
4659,,google.com
4662,,baidu.com
4666,,gmail.com
4667,,gmail.com
4670,,gmail.com
4671,,gmail.com
4673,,fb.com
4674,,fb.com
4677,,tencent.com
4682,,samsung.com
4684,,google.com
4686,,google.com
4687,,sk.com
4693,,gmail.com
4697,,google.com
4699,,cse.ohio-state.edu
4701,,gmail.com
4702,,gmail.com
4708,,gmail.com
4709,,gmail.com
4710,,gmail.com
4712,,google.com
4713,,samsung.com
4719,,safrangroup.com
4726,,gmail.com
4727,,gmail.com
4728,,gmail.com
4731,,google.com
4732,,gmail.com
4733,,gmail.com
4734,,gmail.com
4738,,microsoft.com
4740,,gmail.com
4741,,google.com
4742,,uber.com
4743,,google.com
4745,,gmail.com
4746,,naverlabs.com
4747,,gmail.com
4749,,google.com
4750,,google.com
4755,,janelia.hhmi.org
4758,,google.com
4760,,gmail.com
4762,,gmail.com
4766,,gmail.com
4767,,gmail.com
4768,,gmail.com
4769,,google.com
4772,,siemens.com
4775,,gmail.com
4777,,google.com
4779,,twentybn.com
4780,,sensetime.com
4782,,gmail.com
4784,,gmail.com
4787,,janelia.hhmi.org
4791,,gmail.com
4793,,google.com
4795,,us.ibm.com
4798,,gmail.com
4799,,gmail.com
4803,,microsoft.com
4809,,nec-labs.com
4812,,microsoft.com
4815,,gmail.com
4825,,google.com
4826,,gmail.com
4828,,gmail.com
4829,,fb.com
4832,,webank.com
4834,,google.com
4836,,google.com
4838,,gmail.com
4845,,salesforce.com
4852,,google.com
4853,,gmail.com
4859,,fb.com
4861,,gmail.com
4867,,google.com
4868,,google.com
4869,,google.com
4882,,gmail.com
4888,,163.com
4890,,gmail.com
4893,,sensetime.com
4897,,gmail.com
4900,,qq.com
4902,,google.com
4903,,us.ibm.com
4905,,gmail.com
4908,,google.com
4915,,qq.com
4917,,gmail.com
4918,,gmail.com
4925,,google.com
4927,,google.com
4932,,google.com
4933,,google.com
4934,,gmail.com
4939,,gmail.com
4940,,gmail.com
4944,,gmail.com
4948,,gmail.com
4950,,microsoft.com
4954,,google.com
4956,,imagia.com
4959,,google.com
4960,,fb.com
4962,,gmail.com
4963,,de.bosch.com
4969,,gmail.com
4971,,fb.com
4974,,fb.com
4975,,magicleap.com
4981,,fb.com
4986,,us.ibm.com
4989,,google.com
4991,,gmail.com
4997,,il.ibm.com
4998,,outlook.com
5003,,gmail.com
5010,,yahoo.com
5011,,gmail.com
5012,,synapse-fr.com
5014,,google.com
5015,,gmail.com
5017,,hrl.com
5022,,gmail.com
5023,,nih.gov
5024,,calculationconsulting.com
5025,,gmail.com
5027,,sensetime.com
5028,,gmail.com
5029,,us.ibm.com
5031,,gmail.com
5032,,gmail.com
5039,,gmail.com
5040,,google.com
5047,,bethgelab.org
5051,,google.com
5056,,google.com
5059,,google.com
5060,,de.bosch.com
5061,,google.com
5062,,gmail.com
5064,,google.com
5065,,gmail.com
5066,,google.com
5067,,gmail.com
5071,,intel.com
5072,,gmail.com
5076,,google.com
5078,,google.com
5080,,gmail.com
5083,,microsoft.com
5088,,google.com
5090,,google.com
5091,,gmail.com
5096,,hanmail.net
5097,,google.com
5098,,gmail.com
5100,,gmail.com
5102,,126.com
5104,,dwavesys.com
5106,,google.com
5107,,google.com
5110,,google.com
5111,,gmail.com
5114,,fb.com
5115,,google.com
5117,,gmail.com
5118,,fb.com
5120,,gmail.com
5125,,intel.com
5126,,gmail.com
5130,,gmail.com
5134,,microsoft.com
5137,,imagia.com
5142,,babylonhealth.com
5143,,acm.org
5149,,gmail.com
5156,,lanl.gov
5158,,microsoft.com
5163,,gmail.com
5164,,google.com
5172,,netatmo.com
5174,,microsoft.com
5176,,il.ibm.com
5178,,gmail.com
5179,,google.com
5181,,intel.com
5183,,gmail.com
5186,,microsoft.com
5188,,visa.com
5190,,ge.com
5191,,imagia.com
5192,,microsoft.com
5193,,baidu.com
5195,,cs.toronto.edu
5197,,google.com
5198,,mail.mil
5199,,asml.com
5200,,adobe.com
5204,,gmail.com
5205,,google.com
5206,,hotmail.com
5210,,google.com
5213,,gmail.com
5217,,cs.toronto.edu
5218,,salesforce.com
5219,,huawei.com
5224,,corp.netease.com
5228,,gmail.com
5231,,gmail.com
5232,,ibm.com
5234,,asml.com
5235,,gmail.com
5237,,gmail.com
5239,,gmail.com
5250,,lanl.gov
5251,,tunnel.tech
5253,,gmail.com
5254,,ardigen.com
5255,,de.bosch.com
5256,,google.com
5257,,google.com
5259,,gmail.com
5260,,gmail.com
5262,,google.com
5266,,chesapeakeconservancy.org
5276,,microsoft.com
5279,,ifmlab.org
5280,,qq.com
5281,,gmail.com
5285,,adobe.com
5289,,intel.com
5290,,google.com
5293,,google.com
5299,,baidu.com
5301,,gmail.com
5302,,google.com
5304,,bethgelab.org
5308,,google.com
5309,,microsoft.com
5311,,google.com
5312,,gmail.com
5313,,gmail.com
5314,,cs.toronto.edu
5315,,navercorp.com
5316,,gmail.com
5324,,google.com
5328,,gmail.com
5329,,google.com
5330,,gmail.com
5331,,google.com
5334,,google.com
5335,,antfin.com
5336,,gmail.com
5343,,gmail.com
5344,,gmail.com
5348,,siemens-healthineers.com
5349,,ttic.edu
5350,,intel.com
5351,,gmail.com
5353,,google.com
5357,,google.com
5362,,gmail.com
5365,,gmail.com
5373,,google.com
5375,,microsoft.com
5378,,us.ibm.com
5380,,gmail.com
5381,,outlook.com
5382,,google.com
5383,,huawei.com
5384,,visa.com
5385,,google.com
5389,,gmail.com
5390,,snap.com
5391,,sensetime.com
5392,,gmail.com
5394,,gmail.com
5396,,microsoft.com
5397,,163.com
5398,,google.com
5401,,stats.com
5402,,gmail.com
5404,,google.com
5405,,microsoft.com
5410,,outlook.com
5412,,gmail.com
5415,,gmail.com
5417,,sap.com
5420,,outlook.com
5421,,danijar.com
5422,,louiskirsch.com
5424,,google.com
5428,,gmail.com
5435,,google.com
5440,,gmail.com
5441,,borealisai.com
5442,,sensetime.com
5443,,apple.com
5444,,cs.toronto.edu
5445,,ttic.edu
5446,,google.com
5447,,google.com
5448,,nicklim.com
5450,,softbankrobotics.com
5454,,gmail.com
5455,,gmail.com
5458,,fb.com
5459,,gmail.com
5462,,google.com
5466,,google.com
5473,,fb.com
5474,,gmail.com
5480,,google.com
5482,,google.com
5486,,ce.sharif.edu
5493,,gmail.com
5494,,google.com
5495,,baidu.com
5499,,google.com
5500,,le-roux.name
5502,,google.com
5505,,163.com
5506,,salesforce.com
5511,,us.ibm.com
5512,,il.ibm.com
5514,,openai.com
5515,,gmail.com
5517,,gmail.com
5520,,google.com
5521,,baidu.com
5522,,microsoft.com
5527,,google.com
5529,,gmail.com
5530,,us.ibm.com
5531,,opinheiro.com
5532,,sensetime.com
5534,,intel.com
5538,,google.com
5539,,mail.mil
5544,,ibm.com
5548,,google.com
5549,,gmail.com
5550,,microsoft.com
5553,,microsoft.com
5556,,nec-labs.com
5559,,sensetime.com
5561,,google.com
5562,,microsoft.com
5563,,gmail.com
5567,,gmail.com
5568,,google.com
5572,,gmail.com
5573,,gmail.com
5574,,gmail.com
5575,,gmail.com
5576,,fb.com
5578,,google.com
5582,,sensetime.com
5583,,cs.toronto.edu
5588,,google.com
5589,,gmail.com
5593,,gmail.com
5595,,chesapeakeconservancy.org
5596,,gmail.com
5597,,gmail.com
5598,,google.com
5602,,gmail.com
5603,,google.com
5604,,gmail.com
5605,,gmail.com
5607,,in.ibm.com
5609,,google.com
5610,,kakaobrain.com
5611,,google.com
5613,,gmail.com
5614,,google.com
5615,,babylonhealth.com
5616,,microsoft.com
5617,,google.com
5619,,amazon.com
5627,,microsoft.com
5630,,google.com
5633,,sensetime.com
5634,,gmail.com
5642,,google.com
5646,,satreci.com
5648,,gmail.com
5651,,gmail.com
5652,,google.com
5654,,cs.toronto.edu
5660,,google.com
5664,,us.ibm.com
5669,,google.com
5670,,google.com
5674,,gmail.com
5679,,lanl.gov
5680,,us.ibm.com
5681,,in.ibm.com
5682,,gmail.com
5684,,technicolor.com
5685,,google.com
5686,,gmail.com
5690,,google.com
5694,,imagia.com
5697,,gmail.com
5700,,google.com
5701,,gmail.com
5708,,elementai.com
5709,,google.com
5710,,merl.com
5712,,gmail.com
5714,,qti.qualcomm.com
5715,,gmail.com
5719,,ibm.com
5720,,google.com
5722,,gmail.com
5726,,gmail.com
5727,,gmail.com
5733,,huawei.com
5735,,gmail.com
5737,,victorzhong.com
5738,,gmail.com
5739,,gmail.com
5740,,gmail.com
5741,,google.com
5742,,gmail.com
5743,,google.com
5745,,samsung.com
5751,,microsoft.com
5755,,gmail.com
5756,,google.com
5757,,dwavesys.com
5759,,gmail.com
5760,,google.com
5761,,163.com
5763,,fb.com
5766,,sensetime.com
5769,,gmail.com
5771,,gmail.com
5773,,huawei.com
5778,,fb.com
5787,,microsoft.com
5788,,gmail.com
5789,,gmail.com
5793,,ieee.org
5806,,gmail.com
5810,,google.com
5813,,gmail.com
5814,,samsung.com
5815,,gmail.com
5816,,google.com
5817,,qti.qualcomm.com
5820,,fb.com
5825,,fb.com
5828,,gmail.com
5829,,gmail.com
5830,,google.com
5831,,gmail.com
5832,,alibaba-inc.com
5835,,alibaba-inc.com
5836,,fb.com
5838,,gmail.com
5839,,huawei.com
5840,,gmail.com
5842,,gmail.com
5845,,cs.toronto.edu
5846,,gmail.com
5848,,huawei.com
5850,,amazon.com
5852,,gmail.com
5858,,fb.com
5860,,gmail.com
5863,,megvii.com
5865,,gmail.com
5868,,gmail.com
5882,,fb.com
5884,,gmail.com
5885,,gmail.com
5887,,google.com
5890,,microsoft.com
5891,,polytechnique.org
5892,,il.ibm.com
5895,,netatmo.com
5898,,microsoft.com
5900,,google.com
5902,,google.com
5904,,microsoft.com
5906,,gmail.com
5909,,intel.com
5910,,gmail.com
5912,,microsoft.com
5915,,baidu.com
5917,,shann.net
5918,,gmail.com
5919,,hotmail.com
5924,,gmail.com
5925,,google.com
5927,,fb.com
5928,,google.com
5933,,gmail.com
5936,,google.com
5937,,google.com
5938,,google.com
5945,,gmail.com
5953,,elementai.com
5954,,google.com
5956,,gmail.com
5957,,google.com
5959,,gmail.com
5964,,gmail.com
5967,,google.com
5970,,google.com
5971,,sensetime.com
5972,,gmail.com
5980,,google.com
5981,,google.com
5985,,imagia.com
5987,,gmail.com
5988,,samsung.com
5989,,neatware.com
5991,,gmail.com
5993,,microsoft.com
5996,,google.com
5997,,microsoft.com
6002,,gmail.com
6003,,gmail.com
6007,,google.com
6008,,us.ibm.com
6009,,gmail.com
6011,,fb.com
6013,,gmail.com
6014,,cs.toronto.edu
6015,,google.com
6017,,salesforce.com
6019,,tutanota.com
6021,,amazon.com
6025,,gmail.com
6027,,google.com
6028,,google.com
6031,,foster.net
6032,,microsoft.com
6035,,gmail.com
6038,,gmail.com
6041,,gmail.com
6043,,google.com
6044,,microsoft.com
6045,,gmail.com
6047,,google.com
6050,,gmail.com
6052,,fb.com
6053,,fb.com
6054,,google.com
6056,,gmail.com
6058,,gmail.com
6059,,navercorp.com
6064,,google.com
6069,,fb.com
6071,,gmail.com
6074,,gmail.com
6076,,fb.com
6079,,gmail.com
6083,,google.com
6084,,google.com
6085,,google.com
6088,,criteo.com
6093,,corp.netease.com
6095,,nvidia.com
6097,,microsoft.com
6101,,cs.toronto.edu
6102,,gmail.com
6103,,google.com
6104,,cs.toronto.edu
6105,,gmail.com
6107,,babylonhealth.com
6109,,spoclab.com
6113,,alibaba-inc.com
6114,,gmail.com
6115,,gmail.com
6116,,gmail.com
6119,,uk.ibm.com
6120,,google.com
6121,,intel.com
6122,,gmail.com
6126,,google.com
6127,,fb.com
6132,,google.com
6139,,tencent.com
6149,,gmail.com
6150,,cs.toronto.edu
6151,,intel.com
6153,,gmail.com
6158,,google.com
6160,,huan-zhang.com
6161,,cs.toronto.edu
6168,,google.com
6174,,asidatascience.com
6175,,gmail.com
6178,,openai.com
6179,,ibm.com
6186,,babylonhealth.com
6194,,hotmail.com
6198,,cs.toronto.edu
6200,,google.com
6201,,google.com
6204,,thalesgroup.com
6205,,uber.com
6206,,gmail.com
6207,,gmail.com
6208,,cs.toronto.edu
6209,,google.com
6211,,cs.toronto.edu
6215,,gmail.com
6223,,google.com
6224,,gmail.com
6228,,gmail.com
6233,,google.com
6234,,gmail.com
6240,,josephpcohen.com
6242,,google.com
6245,,gmail.com
6251,,kunumi.com
6253,,samsung.com
6256,,gmail.com
6257,,google.com
6261,,us.ibm.com
6264,,cs.toronto.edu
6267,,microsoft.com
6268,,gmail.com
6273,,google.com
6275,,gmail.com
6276,,gmail.com
6279,,gmail.com
6281,,cs.toronto.edu
6282,,lbl.gov
6285,,gmail.com
6287,,protonmail.com
6288,,ibm.com
6289,,nec-labs.com
6293,,gmail.com
6296,,gmail.com
6297,,us.ibm.com
6298,,gmail.com
6303,,google.com
6305,,google.com
6307,,gmail.com
6309,,sensetime.com
6314,,google.com
6318,,gmail.com
6319,,gmail.com
6320,,sensetime.com
6321,,gmail.com
6322,,google.com
6324,,inceptioniai.org
6327,,gmail.com
6328,,cs.toronto.edu
6332,,google.com
6333,,bethgelab.org
6335,,microsoft.com
6336,,antfin.com
6337,,outlook.com
6340,,gmail.com
6343,,gmail.com
6347,,ansgarscherp.net
6349,,cs.toronto.edu
6352,,gmail.com
6354,,gmail.com
6356,,kunumi.com
6358,,gmail.com
6360,,gmail.com
6366,,gmail.com
6367,,target.com
6369,,gmail.com
6370,,gmail.com
6371,,gmail.com
6372,,google.com
6373,,google.com
6374,,cse.ohio-state.edu
6376,,ttic.edu
6382,,gmail.com
6388,,microsoft.com
6389,,ibm.com
6390,,alibaba-inc.com
6393,,fb.com
6394,,google.com
6395,,sap.com
6396,,aitrics.com
6397,,fb.com
6400,,alibaba-inc.com
6402,,google.com
6404,,google.com
6411,,cs.toronto.edu
6413,,google.com
6415,,netatmo.com
6416,,naverlabs.com
6418,,gmail.com
6419,,cs.toronto.edu
6422,,google.com
6424,,fb.com
6428,,google.com
6429,,google.com
6433,,google.com
6434,,nealwu.com
6435,,google.com
6437,,ibm.com
6438,,google.com
6439,,google.com
6440,,imagia.com
6445,,google.com
6447,,microsoft.com
6448,,gmail.com
6451,,google.com
6454,,capitalone.com
6455,,gmail.com
6456,,gmail.com
6458,,google.com
6461,,hotmail.com
6463,,gmail.com
6466,,google.com
6469,,baidu.com
6470,,hrl.com
6471,,google.com
6474,,google.com
6480,,google.com
6483,,gmail.com
6486,,gmail.com
6488,,cs.toronto.edu
6494,,gmail.com
6497,,gmail.com
6498,,gmail.com
6501,,us.ibm.com
6502,,gmail.com
6503,,google.com
6504,,google.com
6506,,gmail.com
6508,,microsoft.com
6512,,us.ibm.com
6513,,cs.toronto.edu
6514,,google.com
6518,,gmail.com
6521,,gmail.com
6522,,gmail.com
6525,,google.com
6527,,google.com
6530,,salesforce.com
6531,,cs.toronto.edu
6543,,gmail.com
6551,,google.com
6553,,us.ibm.com
6554,,cs.toronto.edu
6555,,google.com
6557,,navercorp.com
6559,,oath.com
6566,,gmail.com
6570,,gmail.com
6572,,google.com
6574,,ibm.com
6576,,gmail.com
6577,,gmail.com
6578,,google.com
6583,,google.com
6589,,ttic.edu
6591,,gmail.com
6594,,gmail.com
6595,,google.com
6597,,fb.com
6599,,kakaobrain.com
6602,,gmail.com
6606,,microsoft.com
6607,,microsoft.com
6611,,lanl.gov
6614,,microsoft.com
6615,,sap.com
6618,,ibm.com
6627,,de.bosch.com
6630,,google.com
6635,,gmail.com
6638,,google.com
6639,,google.com
6640,,gmail.com
6644,,gmail.com
6654,,gmail.com
6655,,fb.com
6657,,gmail.com
6658,,microsoft.com
6659,,us.ibm.com
6661,,google.com
6662,,google.com
6664,,gmail.com
6665,,google.com
6668,,microsoft.com
6672,,intel.com
6674,,google.com
6675,,samsung.com
6677,,baidu.com
6679,,gmail.com
6682,,outlook.com
6684,,gmail.com
6685,,gmail.com
6689,,gmail.com
6690,,gmail.com
6691,,tencent.com
6696,,gmail.com
6708,,fb.com
6710,,intel.com
6714,,sensetime.com
6715,,intel.com
6723,,gmail.com
6725,,google.com
6728,,fb.com
6729,,outlook.com
6734,,us.ibm.com
6737,,openai.com
6738,,gmail.com
6739,,fb.com
6745,,borealisai.com
6747,,openai.com
6749,,google.com
6753,,microsoft.com
6757,,google.com
6758,,mila.quebec
6759,,google.com
6760,,gmail.com
6763,,gmail.com
6766,,gmail.com
6767,,us.ibm.com
6768,,gmail.com
6769,,intel.com
6770,,intel.com
6772,,microsoft.com
6774,,cs.toronto.edu
6775,,cs.toronto.edu
6777,,ibm.com
6780,,gmail.com
6784,,microsoft.com
6786,,163.com
6788,,antfin.com
6789,,gmail.com
6797,,gmail.com
6798,,qq.com
6801,,qq.com
6802,,gmail.com
6804,,qq.com
6805,,qq.com
6814,,ivalua.com
6815,,microsoft.com
6816,,gmail.com
6818,,google.com
6820,,uber.com
6825,,google.com
6826,,google.com
6827,,google.com
6829,,microsoft.com
6834,,gmail.com
6838,,google.com
6839,,mail.mil
6840,,intel.com
6843,,gmail.com
6844,,google.com
6847,,capitalone.com
6848,,us.ibm.com
6849,,gmail.com
6850,,google.com
6855,,babylonhealth.com
6856,,google.com
6860,,gmail.com
6861,,gmail.com
6863,,google.com
6865,,google.com
6866,,google.com
6869,,outlook.com
6874,,gmail.com
6875,,gmail.com
6878,,gmail.com
6879,,google.com
6883,,google.com
6884,,google.com
6886,,gmail.com
6891,,google.com
6893,,google.com
6898,,adobe.com
6900,,google.com
6901,,google.com
6905,,google.com
6907,,google.com
6908,,gmail.com
6909,,gmail.com
6910,,ieee.org
6911,,google.com
6919,,google.com
6921,,autodesk.com
6922,,gmail.com
6925,,gmail.com
6926,,gmail.com
6934,,swisscom.com
6936,,google.com
6937,,ias.edu
6944,,gmail.com
6949,,elementai.com
6952,,gmail.com
6953,,google.com
6955,,samsung.com
6956,,huawei.com
6958,,google.com
6961,,gmail.com
6963,,google.com
6966,,google.com
6967,,gmail.com
6974,,adobe.com
6975,,google.com
6980,,gmail.com
6982,,google.com
6983,,google.com
6986,,cs.toronto.edu
6989,,tencent.com
6994,,google.com
6995,,il.ibm.com
6996,,gmail.com
6998,,gmail.com
6999,,gmail.com
7001,,microsoft.com
7004,,google.com
7006,,snapchat.com
7012,,163.com
7016,,google.com
7018,,alibaba-inc.com
7028,,googlemail.com
7029,,siemens-healthineers.com
7032,,google.com
7035,,gmail.com
7036,,jp.ricoh.com
7037,,microsoft.com
7039,,fb.com
7040,,imagia.com
7041,,google.com
7042,,gmail.com
7043,,gmail.com
7046,,gmail.com
7047,,google.com
7054,,gmail.com
7055,,gmail.com
7056,,gmail.com
7061,,microsoft.com
7064,,outlook.com
7066,,intel.com
7071,,126.com
7072,,ias.edu
7080,,google.com
7086,,google.com
7091,,etas.com
7100,,baidu.com
7101,,gmail.com
7103,,gmail.com
7105,,google.com
7106,,google.com
7109,,gmail.com
7110,,gmail.com
7112,,hotmail.com
7113,,gmail.com
7116,,gmail.com
7120,,google.com
7122,,google.com
7126,,borealisai.com
7127,,yahoo.com
7135,,intel.com
7137,,microsoft.com
7138,,alibaba-inc.com
7139,,intel.com
7140,,adobe.com
7143,,gmail.com
7144,,gmail.com
7147,,nvidia.com
7149,,us.ibm.com
7150,,cs.toronto.edu
7151,,nokia-bell-labs.com
7153,,uber.com
7155,,microsoft.com
7156,,gmail.com
7162,,gmail.com
7166,,google.com
7170,,naverlabs.com
7171,,intel.com
7173,,google.com
7174,,gmail.com
7177,,gmail.com
7180,,babylonhealth.com
7184,,google.com
7190,,gmail.com
7192,,baidu.com
7194,,borealisai.com
7197,,gmail.com
7198,,tencent.com
7202,,google.com
7203,,hotmail.com
7204,,gmail.com
7205,,gmail.com
7206,,protonmail.com
7209,,fb.com
7210,,google.com
7215,,google.com
7217,,gmail.com
7221,,google.com
7223,,bottou.org
7229,,gmail.com
7230,,gmail.com
7234,,google.com
7237,,gmail.com
7243,,microsoft.com
7249,,google.com
7256,,apple.com
7257,,criteo.com
7261,,google.com
7263,,gmail.com
7267,,us.ibm.com
7269,,gmail.com
7270,,etas.com
7272,,gmail.com
7273,,ibm.com
7274,,fredhutch.org
7276,,gmail.com
7280,,bethgelab.org
7283,,google.com
7285,,gmail.com
7294,,google.com
7296,,cs.toronto.edu
7300,,google.com
7302,,gmail.com
7303,,gmail.com
7304,,de.bosch.com
7306,,ardigen.com
7308,,ibm.com
7311,,gmail.com
7313,,google.com
7317,,gmail.com
7319,,ibm.com
7321,,google.com
7325,,us.ibm.com
7326,,google.com
7333,,google.com
7336,,gmail.com
7337,,gmail.com
7338,,google.com
7341,,carlini.com
7343,,google.com
7344,,microsoft.com
7350,,google.com
7354,,gmail.com
7356,,alibaba-inc.com
7358,,waymo.com
7360,,gmail.com
7363,,gmail.com
7370,,rubisch.net
7374,,gmail.com
7376,,gmail.com
7377,,microsoft.com
7378,,google.com
7380,,gmail.com
7381,,google.com
7382,,google.com
7383,,google.com
7386,,gmail.com
7389,,googlemail.com
7393,,google.com
7394,,lbl.gov
7395,,openai.com
7397,,google.com
7400,,nbicc.com
7401,,163.com
7403,,us.ibm.com
7405,,ttic.edu
7407,,gmail.com
7411,,google.com
7413,,microsoft.com
7419,,gmail.com
7420,,gmail.com
7422,,gmail.com
7424,,microsoft.com
7426,,twentybn.com
7427,,fb.com
7429,,gmail.com
7430,,us.ibm.com
7431,,google.com
7432,,google.com
7434,,roysonlee.com
7438,,mitre.org
7439,,gmail.com
7447,,fb.com
7451,,gmail.com
7452,,gmail.com
7453,,gmail.com
7455,,gmail.com
7457,,gmail.com
7459,,deephow.com
7461,,nec-labs.com
7463,,microsoft.com
7466,,gmail.com
7468,,huawei.com
7474,,gmail.com
7475,,google.com
7476,,gmail.com
7477,,samsung.com
7479,,google.com
7480,,google.com
7484,,alipay.com
7486,,gmail.com
7488,,gmail.com
7489,,ibm.com
7490,,aitrics.com
7492,,qti.qualcomm.com
7496,,gmail.com
7497,,gmail.com
7502,,outlook.com
7503,,gmail.com
7508,,hrl.com
7512,,gmail.com
7513,,gmail.com
7514,,us.ibm.com
7515,,google.com
7516,,gmail.com
7522,,cs.toronto.edu
7525,,gmail.com
7526,,microsoft.com
7527,,ttic.edu
7530,,gmail.com
7532,,gmail.com
7536,,gmail.com
7537,,google.com
7543,,google.com
7544,,gmail.com
7545,,google.com
7553,,google.com
7554,,us.ibm.com
7555,,google.com
7557,,de.bosch.com
7559,,google.com
7560,,kunumi.com
7564,,thalesgroup.com
7565,,cs.toronto.edu
7566,,gmail.com
7567,,gmail.com
7571,,google.com
7573,,microsoft.com
7574,,intel.com
7577,,gmail.com
7578,,microsoft.com
7579,,tencent.com
7580,,criteo.com
7581,,google.com
7582,,cs.toronto.edu
7583,,google.com
7584,,microsoft.com
7586,,fb.com
7588,,uber.com
7593,,gmail.com
7596,,babylonhealth.com
7597,,gmail.com
7598,,gmail.com
7599,,gmail.com
7603,,gmail.com
7604,,google.com
7605,,gmail.com
7606,,google.com
7608,,gmail.com
7609,,gmail.com
7612,,sensetime.com
7613,,gmail.com
7616,,gmail.com
7618,,google.com
7620,,gmail.com
7625,,bethgelab.org
7627,,gmail.com
7629,,elementai.com
7637,,gmail.com
7639,,google.com
7640,,google.com
7642,,microsoft.com
7648,,apple.com
7650,,microsoft.com
7655,,gmail.com
7659,,math.ias.edu
7660,,tencent.com
7661,,ibm.com
7662,,gmail.com
7665,,visa.com
7669,,gmail.com
7674,,google.com
7679,,gmail.com
7683,,kakaocorp.com
7688,,gmail.com
7690,,fb.com
7691,,fb.com
7699,,mitre.org
7700,,gmail.com
7702,,google.com
7703,,us.ibm.com
7706,,google.com
7711,,gmail.com
7714,,sensetime.com
7718,,gmail.com
7719,,gmail.com
7721,,sensetime.com
7726,,de.bosch.com
7730,,gmail.com
7735,,blacksesame.com
7738,,gmail.com
7740,,qq.com
7744,,fb.com
7746,,google.com
7747,,google.com
7749,,gmail.com
7750,,capitalone.com
7752,,gmail.com
7753,,asml.com
7754,,google.com
7755,,fb.com
7762,,cs.toronto.edu
7763,,gmail.com
7767,,us.ibm.com
7768,,google.com
7769,,google.com
7776,,gmail.com
7778,,gmail.com
7779,,gmail.com
7781,,gmail.com
7783,,alibaba-inc.com
7785,,gmail.com
7789,,disneyresearch.com
7797,,gmail.com
7799,,google.com
7801,,gmail.com
7803,,fb.com
7804,,google.com
7805,,us.ibm.com
7807,,gmail.com
7808,,gmail.com
7811,,google.com
7812,,google.com
7817,,gmail.com
7819,,google.com
7823,,amazon.com
7826,,google.com
7827,,cs.toronto.edu
7828,,gmail.com
7831,,google.com
7833,,borealisai.com
7834,,gmail.com
7835,,google.com
7841,,google.com
7843,,gmail.com
7846,,us.ibm.com
7848,,gmail.com
7850,,google.com
7856,,intel.com
7857,,gmail.com
7859,,gmail.com
7860,,gmail.com
7862,,google.com
7867,,microsoft.com
7870,,google.com
7880,,gmail.com
7881,,gmail.com
7885,,tri.global
7888,,gmail.com
7891,,gmail.com
7892,,gmail.com
7893,,google.com
7894,,fb.com
7897,,fb.com
7898,,gmail.com
7899,,allstate.com
7901,,google.com
7904,,swisscom.com
7914,,gmail.com
7917,,gmail.com
7921,,ieee.org
7922,,gmail.com
7923,,google.com
7924,,gmail.com
7925,,google.com
7926,,gmail.com
7930,,gmail.com
7931,,google.com
7936,,microsoft.com
7937,,nih.gov
7939,,ieee.org
7941,,icloud.com
7943,,netatmo.com
7946,,gmail.com
7950,,google.com
7951,,imagia.com
7952,,openai.com
7955,,ttic.edu
7957,,google.com
7958,,gmail.com
7960,,sap.com
7970,,google.com
7971,,gmail.com
7975,,gmail.com
7978,,google.com
7982,,google.com
7983,,google.com
7984,,google.com
7985,,google.com
7988,,alibaba-inc.com
7989,,intel.com
7991,,allenai.org
7999,,gmail.com
8000,,navercorp.com
8002,,google.com
8004,,us.ibm.com
8005,,google.com
8006,,google.com
8008,,allenai.org
8011,,microsoft.com
8015,,google.com
8016,,ieee.org
8017,,google.com
8019,,gmail.com
8024,,google.com
8028,,google.com
8030,,google.com
8032,,gmail.com
8033,,google.com
8037,,gmail.com
8038,,nvidia.com
8040,,microsoft.com
8042,,imagia.com
8045,,gmail.com
8046,,google.com
8047,,gmail.com
8051,,google.com
8053,,tongzhang-ml.org
8054,,gmail.com
8056,,gmail.com
8057,,gmail.com
8059,,gmail.com
8061,,google.com
8064,,google.com
8068,,gmail.com
8070,,gmail.com
8072,,google.com
8073,,us.ibm.com
8075,,cs.toronto.edu
8080,,google.com
8091,,huawei.com
8092,,google.com
8098,,alibaba-inc.com
8099,,google.com
